<?xml version="1.0" encoding="UTF-8"?>
<project-private xmlns="http://www.netbeans.org/ns/project-private/1">
    <editor-bookmarks xmlns="http://www.netbeans.org/ns/editor-bookmarks/2" lastBookmarkId="0"/>
    <open-files xmlns="http://www.netbeans.org/ns/projectui-open-files/2">
        <group>
            <file>file:/I:/Elicea/Documents/NetBeansProjects/HartshornInventroySystem/src/hartshorninventroysystem/View_Controller/MainScreenController.java</file>
            <file>file:/I:/Elicea/Documents/NetBeansProjects/HartshornInventroySystem/src/hartshorninventroysystem/View_Controller/ModifyPartController.java</file>
            <file>file:/I:/Elicea/Documents/NetBeansProjects/HartshornInventroySystem/src/hartshorninventroysystem/Model/Inventory.java</file>
        </group>
    </open-files>
</project-private>
